2 theta,Intensity
5.000100136,-0.045900361
5.020539675,-0.124123714
5.040979214,0.04435033
5.061418753,-0.085766336
5.081858292,-0.030098713
5.102297831,-0.031702356
5.12273737,-0.045438376
5.14317691,0.017571041
5.163616449,0.007684191
5.184055988,-0.019543369
5.204495527,0.052207805
5.224935066,-0.002756731
5.245374605,-0.017770312
5.265814144,0.087028175
5.286253683,-0.009541827
5.306693222,0.043214127
5.327132761,0.01439326
5.347572301,0.049828904
5.36801184,-0.006728941
5.388451379,0.004441949
5.408890918,-0.048602872
5.429330457,-0.006325353
5.449769996,0.110625345
5.470209535,-0.015459112
5.490649074,0.080699053
5.511088613,0.036252619
5.531528153,0.017868252
5.551967692,-0.030009603
5.572407231,-0.037936502
5.59284677,0.025337554
5.613286309,0.03828479
5.633725848,0.025210759
5.654165387,0.065976572
5.674604926,-0.021709435
5.695044465,0.045138846
5.715484004,0.059924195
5.735923544,0.085146611
5.756363083,-0.021555017
5.776802622,0.024541533
5.797242161,-0.007466516
5.8176817,0.076865279
5.838121239,-0.001976969
5.858560778,-0.026979372
5.879000317,0.104288625
5.899439856,0.063702023
5.919879396,0.030080265
5.940318935,0.098909464
5.960758474,0.025397952
5.981198013,0.010934619
6.001637552,0.013852797
6.022077091,0.065402486
6.04251663,0.019750354
6.062956169,-0.041506377
6.083395708,0.041354514
6.103835247,0.051319139
6.124274787,0.066512498
6.144714326,0.081726257
6.165153865,0.077863194
6.185593404,0.02367331
6.206032943,0.085823271
6.226472482,0.022993632
6.246912021,0.073031617
6.26735156,0.053645557
6.287791099,0.011710453
6.308230639,0.124309638
6.328670178,0.04248478
6.349109717,-0.020222456
6.369549256,0.007368487
6.389988795,-0.048353503
6.410428334,0.053931018
6.430867873,0.107624829
6.451307412,0.08321404
6.471746951,0.10222643
6.49218649,0.039661998
6.51262603,-0.005520923
6.533065569,0.081261002
6.553505108,0.013549438
6.573944647,0.053497163
6.594384186,0.013604178
6.614823725,0.076162149
6.635263264,-0.050495591
6.655702803,0.10411707
6.676142342,-0.065902646
6.696581881,0.034931371
6.717021421,-0.039561433
6.73746096,-0.030700504
6.757900499,0.032000271
6.778340038,-0.061528554
6.798779577,0.075865799
6.819219116,0.013627775
6.839658655,0.02779904
6.860098194,-0.055231516
6.880537733,0.056202772
6.900977273,0.028768572
6.921416812,0.072535329
6.941856351,0.118058596
6.96229589,0.036866154
6.982735429,0.042499667
7.003174968,0.115861914
7.023614507,0.043411229
7.044054046,0.045633721
7.064493585,-0.002470608
7.084933124,-0.027985092
7.105372664,0.003812491
7.125812203,0.049519363
7.146251742,0.001496636
7.166691281,0.073285976
7.18713082,0.061762383
7.207570359,-0.027865809
7.228009898,-0.051501378
7.248449437,-0.024251174
7.268888976,0.081144432
7.289328516,0.028574327
7.309768055,0.0819274
7.330207594,-0.043518571
7.350647133,0.10015308
7.371086672,0.035511799
7.391526211,-0.003067414
7.41196575,0.013929328
7.432405289,0.039627026
7.452844828,0.07402568
7.473284367,0.13101418
7.493723907,-0.015101921
7.514163446,0.062760713
7.534602985,0.050365969
7.555042524,0.022366626
7.575482063,0.011748795
7.595921602,0.05844303
7.616361141,-0.033731222
7.63680068,0.02168437
7.657240219,0.085800918
7.677679759,-0.0479788
7.698119298,0.012706327
7.718558837,-0.023810368
7.738998376,-0.042945551
7.759437915,-0.001296444
7.779877454,0.024748063
7.800316993,0.017826859
7.820756532,-0.035948944
7.841196071,0.059601208
7.86163561,-0.047953238
7.88207515,0.052846049
7.902514689,0.066860181
7.922954228,-0.040633064
7.943393767,0.02203298
7.963833306,0.048261091
7.984272845,-0.001879286
8.004712384,-0.053735373
8.025151923,-0.039846964
8.045591462,0.092117401
8.066031002,0.038338277
8.086470541,0.097426776
8.10691008,0.043688454
8.127349619,0.083720532
8.147789158,-0.008171434
8.168228697,0.014540334
8.188668236,0.051161392
8.209107775,0.027038961
8.229547314,-0.000535292
8.249986853,-0.026353033
8.270426393,0.173544071
8.290865932,-0.062302314
8.311305471,-0.039447742
8.33174501,-0.01657277
8.352184549,-0.000621842
8.372624088,0.018821709
8.393063627,-0.064144895
8.413503166,0.036936679
8.433942705,0.013038653
8.454382244,0.00652214
8.474821784,-0.032960085
8.495261323,-0.023810798
8.515700862,0.00098389
8.536140401,0.036215645
8.55657994,0.043690023
8.577019479,0.042504245
8.597459018,-0.000327799
8.617898557,-0.034458886
8.638338096,-0.065097351
8.658777636,0.033519995
8.679217175,0.113060519
8.699656714,-0.017448001
8.720096253,0.001369435
8.740535792,0.077498939
8.760975331,0.05642662
8.78141487,-0.054903075
8.801854409,0.019551518
8.822293948,0.085345957
8.842733487,0.008799685
8.863173027,-0.052101186
8.883612566,0.091879454
8.904052105,0.037963828
8.924491644,0.050040825
8.944931183,0.119429889
8.965370722,0.010019909
8.985810261,-0.049022449
9.0062498,0.006538928
9.026689339,-0.068087628
9.047128879,0.056958994
9.067568418,-0.002001761
9.088007957,0.022391217
9.108447496,0.043332374
9.128887035,-0.036400513
9.149326574,-0.011946333
9.169766113,0.003847692
9.190205652,0.035287118
9.210645191,0.071955277
9.23108473,0.02010217
9.25152427,-0.026522203
9.271963809,-0.04882062
9.292403348,0.069526364
9.312842887,0.057685415
9.333282426,0.104892644
9.353721965,0.042745273
9.374161504,0.011868304
9.394601043,-0.126627155
9.415040582,0.040453343
9.435480122,0.040887575
9.455919661,0.001411651
9.4763592,-0.067557761
9.496798739,0.012798783
9.517238278,0.140050728
9.537677817,-3.80E-05
9.558117356,0.059546375
9.578556895,0.105262299
9.598996434,0.034679179
9.619435973,0.064810904
9.639875513,0.075865807
9.660315052,0.137288333
9.680754591,0.045953482
9.70119413,-0.029735969
9.721633669,-0.046377241
9.742073208,0.046376887
9.762512747,0.057554193
9.782952286,0.0062519
9.803391825,0.106011674
9.823831365,-0.033791485
9.844270904,-0.008643688
9.864710443,0.07902451
9.885149982,-0.003425781
9.905589521,-0.059814004
9.92602906,-0.00742999
9.946468599,0.067543869
9.966908138,0.06788535
9.987347677,0.09602501
10.00778722,0.105087849
10.02822676,0.065559976
10.04866629,-0.013878051
10.06910583,0.128926544
10.08954537,0.141543206
10.10998491,0.070846936
10.13042445,0.053990511
10.15086399,0.096182263
10.17130353,0.110616639
10.19174307,0.057363082
10.21218261,0.255866036
10.23262215,-0.021305053
10.25306169,0.00189148
10.27350122,0.063302858
10.29394076,0.013623525
10.3143803,-0.058604851
10.33481984,0.048006617
10.35525938,-0.025917069
10.37569892,-0.103292577
10.39613846,0.026775106
10.416578,-0.018484033
10.43701754,-0.044625548
10.45745708,0.052517226
10.47789662,-0.072541822
10.49833615,-0.050011025
10.51877569,0.012470728
10.53921523,-0.030929897
10.55965477,0.029856546
10.58009431,0.061149501
10.60053385,-0.055106589
10.62097339,0.113379945
10.64141293,0.057928545
10.66185247,0.153539213
10.68229201,0.077295281
10.70273155,0.049682861
10.72317109,0.079382508
10.74361062,-0.067980778
10.76405016,0.03988467
10.7844897,0.064437185
10.80492924,-0.152309344
10.82536878,0.00943675
10.84580832,0.047939356
10.86624786,-0.031593194
10.8866874,-0.07464701
10.90712694,0.032650612
10.92756648,0.035801967
10.94800602,0.0823765
10.96844555,-0.001236899
10.98888509,0.097461769
11.00932463,0.053819726
11.02976417,0.178600862
11.05020371,0.081180175
11.07064325,0.145238223
11.09108279,0.080844449
11.11152233,0.141471075
11.13196187,0.172604213
11.15240141,0.085702196
11.17284095,0.021390024
11.19328048,0.066473253
11.21372002,0.120257437
11.23415956,0.113298133
11.2545991,0.127192563
11.27503864,0.189718505
11.29547818,0.090806513
11.31591772,0.137748256
11.33635726,0.137835399
11.3567968,0.132734609
11.37723634,0.138070887
11.39767588,0.179885898
11.41811541,0.332832421
11.43855495,0.168091011
11.45899449,0.303717224
11.47943403,0.236238837
11.49987357,0.114961406
11.52031311,0.155162709
11.54075265,0.198856635
11.56119219,0.296390406
11.58163173,0.183875133
11.60207127,0.342213594
11.62251081,0.333905788
11.64295034,0.006173939
11.66338988,0.275684712
11.68382942,0.213618664
11.70426896,0.234906349
11.7247085,0.065242213
11.74514804,0.086570699
11.76558758,0.265905698
11.78602712,0.098038874
11.80646666,0.409359117
11.8269062,0.264102539
11.84734574,0.354977473
11.86778527,0.369483918
11.88822481,0.149635763
11.90866435,0.183280232
11.92910389,0.246458989
11.94954343,0.34438037
11.96998297,0.136766595
11.99042251,0.272923221
12.01086205,0.160836358
12.03130159,0.16335323
12.05174113,0.30477939
12.07218067,0.293448174
12.09262021,0.292554024
12.11305974,0.272583053
12.13349928,0.396729705
12.15393882,0.427146757
12.17437836,0.204111987
12.1948179,0.458528174
12.21525744,0.265048094
12.23569698,0.326796748
12.25613652,0.425024136
12.27657606,0.290633036
12.2970156,0.364595669
12.31745514,0.389967592
12.33789467,0.349387693
12.35833421,0.341814306
12.37877375,0.417594652
12.39921329,0.41700651
12.41965283,0.232410991
12.44009237,0.303044206
12.46053191,0.436197821
12.48097145,0.390552393
12.50141099,0.397010698
12.52185053,0.281961626
12.54229007,0.345752398
12.5627296,0.400883016
12.58316914,0.468186812
12.60360868,0.462594342
12.62404822,0.618480606
12.64448776,0.397651159
12.6649273,0.461564335
12.68536684,0.489039578
12.70580638,0.521743554
12.72624592,0.564884598
12.74668546,0.436171043
12.767125,0.430741777
12.78756453,0.553805133
12.80800407,0.663000002
12.82844361,0.525687493
12.84888315,0.612353717
12.86932269,0.690359787
12.88976223,0.405539035
12.91020177,0.56865535
12.93064131,0.605055955
12.95108085,0.679671404
12.97152039,0.698751699
12.99195993,0.572019061
13.01239946,0.566834601
13.032839,0.603337208
13.05327854,0.499235215
13.07371808,0.502792512
13.09415762,0.699078543
13.11459716,0.610662752
13.1350367,0.435461806
13.15547624,0.567572928
13.17591578,0.460121116
13.19635532,0.515884149
13.21679486,0.583820361
13.23723439,0.617054751
13.25767393,0.683295652
13.27811347,0.747820843
13.29855301,0.510283102
13.31899255,0.687696316
13.33943209,0.542213264
13.35987163,0.776958946
13.38031117,0.659294472
13.40075071,0.640608733
13.42119025,0.694860061
13.44162979,0.592881789
13.46206933,0.622868362
13.48250886,0.420236447
13.5029484,0.596097155
13.52338794,0.636561596
13.54382748,0.541629771
13.56426702,0.694982236
13.58470656,0.593146768
13.6051461,0.666678922
13.62558564,0.625648144
13.64602518,0.628040544
13.66646472,0.536703345
13.68690426,0.813442101
13.70734379,0.803742925
13.72778333,0.682953038
13.74822287,0.478850218
13.76866241,0.686226133
13.78910195,0.615844669
13.80954149,0.821525274
13.82998103,0.614031834
13.85042057,0.607947683
13.87086011,0.813689489
13.89129965,0.792021139
13.91173919,0.69224819
13.93217872,0.714023419
13.95261826,0.680263494
13.9730578,0.662148968
13.99349734,0.689193733
14.01393688,0.747508897
14.03437642,0.725983351
14.05481596,0.718367095
14.0752555,0.709035127
14.09569504,0.583404116
14.11613458,0.752932395
14.13657412,0.759286629
14.15701365,0.784758486
14.17745319,0.751222966
14.19789273,0.80277729
14.21833227,0.684213127
14.23877181,0.798308253
14.25921135,0.74228489
14.27965089,0.786976372
14.30009043,0.831688255
14.32052997,0.584753872
14.34096951,0.782284333
14.36140905,0.656918529
14.38184858,0.658309236
14.40228812,0.755206454
14.42272766,0.588235185
14.4431672,0.589687093
14.46360674,0.669284402
14.48404628,0.743693778
14.50448582,0.786873555
14.52492536,0.725907066
14.5453649,0.744822088
14.56580444,0.501604733
14.58624398,0.690699445
14.60668352,0.647175669
14.62712305,0.744297293
14.64756259,0.818869873
14.66800213,0.60700452
14.68844167,0.605229013
14.70888121,0.62604335
14.72932075,0.796183643
14.74976029,0.605233226
14.77019983,0.744164321
14.79063937,0.678254704
14.81107891,0.636671044
14.83151845,0.641982785
14.85195798,0.765370481
14.87239752,0.749889689
14.89283706,0.578179298
14.9132766,0.675586529
14.93371614,0.635861383
14.95415568,0.74025386
14.97459522,0.546055626
14.99503476,0.624447237
15.0154743,0.543137026
15.03591384,0.60941666
15.05635338,0.632313917
15.07679291,0.622245464
15.09723245,0.568794633
15.11767199,0.751475313
15.13811153,0.791815284
15.15855107,0.519675654
15.17899061,0.450681425
15.19943015,0.718513153
15.21986969,0.616573614
15.24030923,0.582362808
15.26074877,0.702686293
15.28118831,0.512266289
15.30162784,0.511102796
15.32206738,0.666209704
15.34250692,0.522725902
15.36294646,0.552873611
15.383386,0.718458387
15.40382554,0.677466341
15.42426508,0.686841918
15.44470462,0.597279563
15.46514416,0.65183483
15.4855837,0.737660497
15.50602324,0.667256565
15.52646277,0.570831367
15.54690231,0.557759903
15.56734185,0.602000506
15.58778139,0.486539287
15.60822093,0.548181802
15.62866047,0.733108607
15.64910001,0.624653034
15.66953955,0.629065084
15.68997909,0.539747534
15.71041863,0.684825385
15.73085817,0.588604192
15.7512977,0.770181177
15.77173724,0.713931341
15.79217678,0.80700746
15.81261632,0.931353981
15.83305586,0.654679234
15.8534954,0.858927667
15.87393494,0.648265944
15.89437448,0.918527399
15.91481402,0.666239811
15.93525356,0.792444845
15.9556931,0.84054528
15.97613264,0.977207782
15.99657217,0.803126795
16.01701171,0.873857876
16.03745125,0.91856769
16.05789079,0.914686794
16.07833033,0.712909632
16.09876987,0.872263981
16.11920941,0.825041509
16.13964895,0.921936659
16.16008849,0.874754988
16.18052803,0.917871495
16.20096757,0.87941118
16.2214071,0.83229071
16.24184664,0.779982308
16.26228618,0.795402639
16.28272572,0.572996148
16.30316526,0.732554503
16.3236048,0.824424924
16.34404434,0.558676858
16.36448388,0.763435302
16.38492342,0.558491925
16.40536296,0.721624505
16.4258025,0.648666373
16.44624203,0.730242531
16.46668157,0.768436312
16.48712111,0.589636604
16.50756065,0.615718408
16.52800019,0.594945612
16.54843973,0.508220995
16.56887927,0.591655667
16.58931881,0.579624629
16.60975835,0.487752879
16.63019789,0.545207086
16.65063743,0.543653916
16.67107696,0.455315591
16.6915165,0.665608777
16.71195604,0.544325141
16.73239558,0.370978573
16.75283512,0.466749627
16.77327466,0.300388304
16.7937142,0.514255715
16.81415374,0.460782416
16.83459328,0.278857294
16.85503282,0.296605351
16.87547236,0.343887698
16.89591189,0.502301555
16.91635143,0.407263592
16.93679097,0.452871028
16.95723051,0.510651643
16.97767005,0.531994325
16.99810959,0.52557963
17.01854913,0.373352002
17.03898867,0.358297553
17.05942821,0.469999615
17.07986775,0.408110966
17.10030729,0.50596494
17.12074682,0.497936537
17.14118636,0.390970201
17.1616259,0.660760376
17.18206544,0.350709841
17.20250498,0.42088804
17.22294452,0.468517195
17.24338406,0.512694528
17.2638236,0.358975595
17.28426314,0.424027063
17.30470268,0.562015597
17.32514222,0.528149532
17.34558176,0.506456646
17.36602129,0.420548049
17.38646083,0.591604296
17.40690037,0.479694834
17.42733991,0.463291882
17.44777945,0.455589887
17.46821899,0.394088848
17.48865853,0.31698321
17.50909807,0.403092416
17.52953761,0.251374801
17.54997715,0.394816475
17.57041669,0.460153549
17.59085622,0.395302691
17.61129576,0.386027789
17.6317353,0.414967731
17.65217484,0.334553075
17.67261438,0.360061596
17.69305392,0.238021074
17.71349346,0.470167618
17.733933,0.334279008
17.75437254,0.424105243
17.77481208,0.418465767
17.79525162,0.41111058
17.81569115,0.410720239
17.83613069,0.306183631
17.85657023,0.470764646
17.87700977,0.385366061
17.89744931,0.536098988
17.91788885,0.561852316
17.93832839,0.422695488
17.95876793,0.592586839
17.97920747,0.614929146
17.99964701,0.880347409
18.02008655,1.041619406
18.04052608,0.881731247
18.06096562,1.027419045
18.08140516,1.160974465
18.1018447,1.33100862
18.12228424,1.339604841
18.14272378,1.613846463
18.16316332,1.471441819
18.18360286,1.511349242
18.2040424,1.266554843
18.22448194,1.362058623
18.24492148,1.162443914
18.26536101,0.915974606
18.28580055,0.98549792
18.30624009,0.872749968
18.32667963,0.96835575
18.34711917,0.775787489
18.36755871,0.861017405
18.38799825,0.8177955
18.40843779,0.765913439
18.42887733,0.559537891
18.44931687,0.58408552
18.46975641,0.704139661
18.49019594,0.798172536
18.51063548,0.930420256
18.53107502,0.783174488
18.55151456,0.757476898
18.5719541,0.86027193
18.59239364,0.862392919
18.61283318,0.708284308
18.63327272,0.762529431
18.65371226,0.756031065
18.6741518,0.747816989
18.69459134,0.737887203
18.71503088,0.872075039
18.73547041,0.73197772
18.75590995,0.682178579
18.77634949,0.641080395
18.79678903,0.813544277
18.81722857,0.758598005
18.83766811,0.670686022
18.85810765,0.778974995
18.87854719,0.887284368
18.89898673,0.917489142
18.91942627,0.836603205
18.93986581,0.97622378
18.96030534,0.930100867
18.98074488,0.781567798
19.00118442,1.089652353
19.02162396,0.951576752
19.0420635,0.860396552
19.06250304,0.81263953
19.08294258,0.928097353
19.10338212,1.033158909
19.12382166,1.041018644
19.1442612,1.000287669
19.16470074,1.122771538
19.18514027,1.18624803
19.20557981,1.376481034
19.22601935,1.124026105
19.24645889,1.128536021
19.26689843,0.971608004
19.28733797,1.172339276
19.30777751,1.142188172
19.32821705,1.164140801
19.34865659,1.328474941
19.36909613,1.338315593
19.38953567,1.297829424
19.4099752,1.260835877
19.43041474,1.277682175
19.45085428,1.211215541
19.47129382,1.163866529
19.49173336,0.951607362
19.5121729,1.282771373
19.53261244,1.12263634
19.55305198,1.101410597
19.57349152,1.170483032
19.59393106,1.057284201
19.6143706,1.142022437
19.63481013,1.120878296
19.65524967,1.207393444
19.67568921,0.976220659
19.69612875,0.837082164
19.71656829,0.822964069
19.73700783,0.994630264
19.75744737,0.709719637
19.77788691,0.702607188
19.79832645,0.700723473
19.81876599,0.695387936
19.83920553,0.707433911
19.85964506,0.657000287
19.8800846,0.728114841
19.90052414,0.702027572
19.92096368,0.660335705
19.94140322,0.816580905
19.96184276,0.549235394
19.9822823,0.618715839
20.00272184,0.676063907
20.02316138,0.703918486
20.04360092,0.816862911
20.06404046,0.712813847
20.08448,0.86920185
20.10491953,0.940540809
20.12535907,0.900789058
20.14579861,0.939182707
20.16623815,1.040096756
20.18667769,0.760822873
20.20711723,0.778444391
20.22755677,0.756155753
20.24799631,0.74083196
20.26843585,0.722056346
20.28887539,0.642537243
20.30931493,0.722760763
20.32975446,0.617240794
20.350194,0.530838448
20.37063354,0.493067614
20.39107308,0.510872736
20.41151262,0.546059369
20.43195216,0.56043307
20.4523917,0.269271616
20.47283124,0.328825006
20.49327078,0.284232131
20.51371032,0.130284655
20.53414986,0.229829803
20.55458939,0.216548129
20.57502893,0.156411855
20.59546847,0.316782093
20.61590801,0.201131065
20.63634755,0.130639326
20.65678709,0.051487433
20.67722663,0.22409205
20.69766617,0.217897624
20.71810571,0.154431932
20.73854525,0.085778307
20.75898479,0.173395082
20.77942432,0.193323925
20.79986386,0.128203723
20.8203034,0.0283817
20.84074294,-0.000239367
20.86118248,-0.046201144
20.88162202,0.156121367
20.90206156,-0.021744054
20.9225011,-0.001672408
20.94294064,-0.096163694
20.96338018,0.06110153
20.98381972,0.0065816
21.00425925,0.049304293
21.02469879,-0.050313725
21.04513833,0.015019213
21.06557787,0.212316996
21.08601741,-0.140712043
21.10645695,0.063570985
21.12689649,0.194957747
21.14733603,-0.012176756
21.16777557,0.006403585
21.18821511,-0.002773452
21.20865465,0.014111579
21.22909418,-0.071413545
21.24953372,-0.071848824
21.26997326,0.118708519
21.2904128,0.03845293
21.31085234,-0.073032259
21.33129188,-0.016094269
21.35173142,0.058225232
21.37217096,-0.117434866
21.3926105,0.022897658
21.41305004,0.00352836
21.43348958,0.039735019
21.45392912,-0.050774033
21.47436865,-0.07181824
21.49480819,0.084241287
21.51524773,0.031987881
21.53568727,0.050935431
21.55612681,-0.02731884
21.57656635,-0.062149934
21.59700589,-0.029252293
21.61744543,0.11651297
21.63788497,0.024451411
21.65832451,-0.123145302
21.67876405,0.020945051
21.69920358,0.132069694
21.71964312,0.034881405
21.74008266,-0.044925374
21.7605222,-0.011864529
21.78096174,0.095869494
21.80140128,0.111610028
21.82184082,0.054454296
21.84228036,-0.002681035
21.8627199,0.039162368
21.88315944,-0.073487718
21.90359898,0.015271486
21.92403851,-0.014004466
21.94447805,0.078267761
21.96491759,0.071602055
21.98535713,0.240303972
22.00579667,0.018401289
22.02623621,-0.033342105
22.04667575,-0.138884542
22.06711529,0.03397796
22.08755483,0.047138639
22.10799437,-0.146277503
22.12843391,0.016229534
22.14887344,0.156187526
22.16931298,0.03227703
22.18975252,0.009081379
22.21019206,0.006739461
22.2306316,0.0287235
22.25107114,0.12885294
22.27151068,0.097058335
22.29195022,0.179867464
22.31238976,0.266169216
22.3328293,0.059088591
22.35326884,-0.028179968
22.37370837,0.20575243
22.39414791,0.023038562
22.41458745,0.057358983
22.43502699,-0.003786306
22.45546653,0.096547138
22.47590607,-0.134696239
22.49634561,-0.086405327
22.51678515,0.091168193
22.53722469,0.008345448
22.55766423,0.062695881
22.57810377,-0.134669397
22.5985433,0.004791281
22.61898284,0.055730693
22.63942238,0.115371062
22.65986192,0.072601275
22.68030146,0.107976888
22.700741,0.053095125
22.72118054,0.201358762
22.74162008,0.019781688
22.76205962,0.261836126
22.78249916,0.104605409
22.8029387,-0.057813241
22.82337824,0.132219065
22.84381777,-0.019742118
22.86425731,0.106094878
22.88469685,-0.002422725
22.90513639,-0.086614373
22.92557593,-0.010810324
22.94601547,0.00945857
22.96645501,0.033220087
22.98689455,0.142071449
23.00733409,-0.144890122
23.02777363,0.13587704
23.04821317,-0.024307619
23.0686527,-0.118499655
23.08909224,0.105037043
23.10953178,-0.032516971
23.12997132,0.086893861
23.15041086,0.096950094
23.1708504,-0.063112162
23.19128994,0.068512649
23.21172948,-0.008175473
23.23216902,-0.027551527
23.25260856,-0.062532181
23.2730481,0.00320201
23.29348763,0.049859379
23.31392717,-0.018046185
23.33436671,-0.066834125
23.35480625,-0.087823888
23.37524579,0.066046997
23.39568533,-0.043950606
23.41612487,0.028363859
23.43656441,-0.10763461
23.45700395,-0.027057004
23.47744349,-0.022847887
23.49788303,0.092492742
23.51832256,0.03250655
23.5387621,-0.017042576
23.55920164,0.096623144
23.57964118,-0.157746291
23.60008072,-0.052720326
23.62052026,-0.088298961
23.6409598,0.046281694
23.66139934,0.078452194
23.68183888,0.027309761
23.70227842,-0.023812272
23.72271796,-0.045400015
23.74315749,-0.060022913
23.76359703,0.050374589
23.78403657,-0.03017973
23.80447611,0.069841907
23.82491565,0.020578388
23.84535519,0.011265826
23.86579473,0.045376442
23.88623427,-0.076742541
23.90667381,0.068519987
23.92711335,0.043664026
23.94755289,0.025772911
23.96799242,0.113804974
23.98843196,-0.108906451
24.0088715,0.048610857
24.02931104,-0.031698656
24.04975058,0.02690112
24.07019012,-0.089825926
24.09062966,-0.039394452
24.1110692,-0.006303689
24.13150874,0.037224141
24.15194828,-0.051172073
24.17238782,0.030591003
24.19282736,0.195707812
24.21326689,0.063970022
24.23370643,-0.161497367
24.25414597,0.067916755
24.27458551,0.092490167
24.29502505,0.02507009
24.31546459,0.06183708
24.33590413,-0.024639418
24.35634367,0.026057262
24.37678321,-0.037808991
24.39722275,0.080636824
24.41766229,0.127922483
24.43810182,-0.03310479
24.45854136,0.13748556
24.4789809,-0.127667579
24.49942044,0.101991349
24.51985998,0.151115122
24.54029952,-0.02717126
24.56073906,-0.087381686
24.5811786,0.0729144
24.60161814,0.061355886
24.62205768,-0.096015561
24.64249722,-0.015519384
24.66293675,0.122288859
24.68337629,0.181992503
24.70381583,0.029910991
24.72425537,0.00111377
24.74469491,0.102545282
24.76513445,0.202261083
24.78557399,0.105816729
24.80601353,0.054531665
24.82645307,0.242850335
24.84689261,0.118689405
24.86733215,0.164687764
24.88777168,-0.037557365
24.90821122,0.076190129
24.92865076,0.085791357
24.9490903,0.04159354
24.96952984,0.089430013
24.98996938,0.053953554
25.01040892,0.061900272
25.03084846,0.082020169
25.051288,0.017091022
25.07172754,0.106696164
25.09216708,0.145974485
25.11260661,0.06721765
25.13304615,-0.05318545
25.15348569,0.01566796
25.17392523,-0.045666561
25.19436477,-0.039272349
25.21480431,0.079989485
25.23524385,0.131563387
25.25568339,0.108504912
25.27612293,0.066369615
25.29656247,0.046824162
25.31700201,0.020354666
25.33744154,-0.092899985
25.35788108,0.104629653
25.37832062,0.041763025
25.39876016,0.015375131
25.4191997,0.041090971
25.43963924,0.056410545
25.46007878,-0.077555037
25.48051832,-0.032680773
25.50095786,0.133741668
25.5213974,0.145670622
25.54183694,-0.03856058
25.56227648,0.016811952
25.58271601,0.129496551
25.60315555,0.007826551
25.62359509,-0.046114715
25.64403463,0.116978308
25.66447417,-0.060186046
25.68491371,0.115100556
25.70535325,-0.126259109
25.72579279,0.165387739
25.74623233,0.012610542
25.76667187,-0.084590699
25.78711141,-0.044618761
25.80755094,0.146415244
25.82799048,0.063164094
25.84843002,-0.066941656
25.86886956,-0.011263116
25.8893091,0.049644157
25.90974864,-0.002275391
25.93018818,-0.042021761
25.95062772,-0.083483841
25.97106726,0.06431059
25.9915068,-0.041346801
26.01194634,0.017946765
26.03238587,-0.106767047
26.05282541,-0.017261066
26.07326495,0.004556982
26.09370449,0.064589875
26.11414403,-0.109731832
26.13458357,0.012841862
26.15502311,0.086824845
26.17546265,0.108744896
26.19590219,0.148046458
26.21634173,0.215146199
26.23678127,0.124280228
26.2572208,0.08204577
26.27766034,-0.020932177
26.29809988,0.207707499
26.31853942,-0.098354647
26.33897896,0.003589719
26.3594185,-0.009028849
26.37985804,0.124206318
26.40029758,0.165447996
26.42073712,0.133793409
26.44117666,-0.04020189
26.4616162,0.152142657
26.48205573,0.288952048
26.50249527,0.304254062
26.52293481,0.022701477
26.54337435,0.124849848
26.56381389,0.110699174
26.58425343,0.176430013
26.60469297,0.408847918
26.62513251,0.080522335
26.64557205,0.156731042
26.66601159,0.154835149
26.68645113,0.041848546
26.70689066,0.274368454
26.7273302,0.276005984
26.74776974,0.260302805
26.76820928,0.300175581
26.78864882,0.40604098
26.80908836,0.326162891
26.8295279,0.173388535
26.84996744,0.355704024
26.87040698,0.357484359
26.89084652,0.350604538
26.91128606,0.493050673
26.9317256,0.487947765
26.95216513,0.198143034
26.97260467,0.219122594
26.99304421,0.332136442
27.01348375,0.351420691
27.03392329,-0.009482993
27.05436283,0.277203168
27.07480237,0.199326397
27.09524191,0.14403947
27.11568145,0.19293961
27.13612099,0.243596262
27.15656053,0.323787204
27.17700006,0.33281799
27.1974396,0.281105288
27.21787914,0.37524632
27.23831868,0.182949419
27.25875822,0.268450696
27.27919776,0.466819596
27.2996373,0.222500563
27.32007684,0.549382486
27.34051638,0.601979254
27.36095592,0.486193645
27.38139546,0.347858992
27.40183499,0.294614184
27.42227453,0.399375888
27.44271407,0.342699658
27.46315361,0.456182718
27.48359315,0.251977846
27.50403269,0.615501707
27.52447223,0.628351524
27.54491177,0.417263408
27.56535131,0.449251248
27.58579085,0.684384489
27.60623039,0.556690908
27.62666992,0.444642728
27.64710946,0.818726059
27.667549,0.619913125
27.68798854,0.54612059
27.70842808,0.474084567
27.72886762,0.70588839
27.74930716,0.550559834
27.7697467,0.459487791
27.79018624,0.583713926
27.81062578,0.560391017
27.83106532,0.854796841
27.85150485,0.7950564
27.87194439,0.490544692
27.89238393,0.758970052
27.91282347,0.57081859
27.93326301,0.622270861
27.95370255,0.585201867
27.97414209,0.624542162
27.99458163,0.558000079
28.01502117,0.583492286
28.03546071,0.482268783
28.05590025,0.703982346
28.07633979,0.670507977
28.09677932,0.630109564
28.11721886,0.662648218
28.1376584,0.624026717
28.15809794,0.706953394
28.17853748,0.609344916
28.19897702,0.645437394
28.21941656,0.712800273
28.2398561,0.875669663
28.26029564,0.800712232
28.28073518,0.729247423
28.30117472,0.437316904
28.32161425,0.71485123
28.34205379,0.808378178
28.36249333,0.634564416
28.38293287,0.677784943
28.40337241,0.655053648
28.42381195,0.639287199
28.44425149,0.706874483
28.46469103,0.76232939
28.48513057,0.612943586
28.50557011,0.546911517
28.52600965,0.59374707
28.54644918,0.706575245
28.56688872,0.623243266
28.58732826,0.972223354
28.6077678,0.671918286
28.62820734,0.798716953
28.64864688,0.567897131
28.66908642,0.597514377
28.68952596,0.694860356
28.7099655,0.787018402
28.73040504,0.702113516
28.75084458,0.568617919
28.77128411,0.865698278
28.79172365,0.938840704
28.81216319,0.638739641
28.83260273,0.781367313
28.85304227,0.863251496
28.87348181,0.879183858
28.89392135,0.813539398
28.91436089,0.819095893
28.93480043,0.876756123
28.95523997,0.953533976
28.97567951,0.846304451
28.99611904,0.74430366
29.01655858,0.966976047
29.03699812,0.962238279
29.05743766,0.90717369
29.0778772,1.199351723
29.09831674,1.064466823
29.11875628,0.997310657
29.13919582,1.022188781
29.15963536,1.040142861
29.1800749,0.941797896
29.20051444,1.100417777
29.22095397,1.165308058
29.24139351,1.171190962
29.26183305,1.310774822
29.28227259,1.117045749
29.30271213,0.984100966
29.32315167,1.22096825
29.34359121,1.317230934
29.36403075,1.340597352
29.38447029,1.249400837
29.40490983,1.081835834
29.42534937,1.363944009
29.44578891,1.253711473
29.46622844,1.195582672
29.48666798,1.340599271
29.50710752,1.121052937
29.52754706,1.154999225
29.5479866,1.02577147
29.56842614,1.488578004
29.58886568,1.506960495
29.60930522,1.238905052
29.62974476,1.562883899
29.6501843,1.42334148
29.67062384,1.349791683
29.69106337,1.53147062
29.71150291,1.395461625
29.73194245,1.391417474
29.75238199,1.58531039
29.77282153,1.475404263
29.79326107,1.882879647
29.81370061,1.774750432
29.83414015,1.802058284
29.85457969,1.798136536
29.87501923,1.754304633
29.89545877,1.960493131
29.9158983,1.835104807
29.93633784,2.086472995
29.95677738,2.22327825
29.97721692,2.009409461
29.99765646,1.990005517
30.018096,1.944580306
30.03853554,2.209939386
30.05897508,2.397193865
30.07941462,2.159121523
30.09985416,1.87245847
30.1202937,2.273315818
30.14073323,2.340860233
30.16117277,2.377175049
30.18161231,2.548926931
30.20205185,2.418615881
30.22249139,2.559158565
30.24293093,3.017429982
30.26337047,2.750027356
30.28381001,2.895839574
30.30424955,3.17708886
30.32468909,2.923636324
30.34512863,3.277843077
30.36556816,3.203250787
30.3860077,3.482845563
30.40644724,3.276349629
30.42688678,3.77994354
30.44732632,3.564807852
30.46776586,3.575387008
30.4882054,4.035639343
30.50864494,3.945564856
30.52908448,4.256552436
30.54952402,4.109227083
30.56996356,4.198033242
30.59040309,4.571582023
30.61084263,4.604873428
30.63128217,4.836101899
30.65172171,4.760059105
30.67216125,5.098967266
30.69260079,5.200048606
30.71304033,5.538997568
30.73347987,5.82935582
30.75391941,5.812442806
30.77435895,6.293814081
30.79479849,6.266525201
30.81523803,6.372937277
30.83567756,6.859578087
30.8561171,7.047628186
30.87655664,7.157573686
30.89699618,7.481081253
30.91743572,7.646623109
30.93787526,7.74100481
30.9583148,7.849295801
30.97875434,8.112121081
30.99919388,8.289897317
31.01963342,8.241999509
31.04007296,8.55002488
31.06051249,8.641056762
31.08095203,8.683497933
31.10139157,8.534987283
31.12183111,8.638233145
31.14227065,8.807471629
31.16271019,8.952424958
31.18314973,8.988023687
31.20358927,8.825726151
31.22402881,9.186018459
31.24446835,9.164386723
31.26490789,8.712219833
31.28534742,8.699309454
31.30578696,8.741975031
31.3262265,8.536397119
31.34666604,8.454103497
31.36710558,8.406552498
31.38754512,8.317355233
31.40798466,8.243803368
31.4284242,8.142494126
31.44886374,7.789469173
31.46930328,7.867020176
31.48974282,8.099105469
31.51018235,7.933641718
31.53062189,7.997365034
31.55106143,7.838886528
31.57150097,7.5519562
31.59194051,7.582754607
31.61238005,7.766351191
31.63281959,7.380523732
31.65325913,7.508605562
31.67369867,7.468305015
31.69413821,7.162399868
31.71457775,7.458945677
31.73501728,7.30759522
31.75545682,7.390640164
31.77589636,6.895580508
31.7963359,6.844985697
31.81677544,6.81524462
31.83721498,6.648371166
31.85765452,6.573532001
31.87809406,6.84767157
31.8985336,6.854470428
31.91897314,6.901220243
31.93941268,6.835143235
31.95985221,6.746517184
31.98029175,6.897494867
32.00073129,6.920020727
32.02117083,6.9130531
32.04161037,6.517216984
32.06204991,7.036331824
32.08248945,6.774217065
32.10292899,7.005178261
32.12336853,7.505257081
32.14380807,7.30049519
32.16424761,7.765892588
32.18468715,7.696588164
32.20512668,8.059595808
32.22556622,8.368804408
32.24600576,8.120741741
32.2664453,8.209505031
32.28688484,8.497941499
32.30732438,9.366259478
32.32776392,9.340500636
32.34820346,9.927609416
32.368643,10.23696082
32.38908254,10.67480485
32.40952208,11.34878038
32.42996161,12.26409577
32.45040115,12.81832044
32.47084069,13.84478773
32.49128023,13.94940043
32.51171977,15.01063075
32.53215931,15.55972869
32.55259885,16.14183314
32.57303839,16.99479132
32.59347793,17.66374213
32.61391747,17.7945189
32.63435701,18.36455217
32.65479654,18.08738363
32.67523608,17.98037437
32.69567562,17.67373274
32.71611516,17.42266706
32.7365547,16.80877456
32.75699424,16.08899969
32.77743378,15.21473132
32.79787332,14.51062225
32.81831286,13.92285302
32.8387524,12.78128474
32.85919194,11.65015354
32.87963147,11.4357094
32.90007101,10.7438551
32.92051055,10.03639621
32.94095009,9.148402159
32.96138963,8.484386844
32.98182917,8.167614151
33.00226871,7.779681303
33.02270825,7.263296634
33.04314779,6.91186292
33.06358733,6.895519052
33.08402687,6.448640028
33.1044664,5.97747585
33.12490594,5.978554294
33.14534548,5.792153138
33.16578502,5.548480717
33.18622456,5.799620362
33.2066641,5.217447075
33.22710364,4.788071966
33.24754318,4.603508924
33.26798272,4.60125795
33.28842226,4.201457931
33.3088618,4.199247758
33.32930133,4.233516318
33.34974087,4.509124723
33.37018041,4.003503529
33.39061995,4.001374957
33.41105949,3.83260012
33.43149903,4.042317905
33.45193857,3.772889423
33.47237811,3.807300787
33.49281765,3.819163107
33.51325719,3.820629161
33.53369673,3.794337837
33.55413627,3.597928025
33.5745758,3.559524725
33.59501534,3.245100158
33.61545488,3.25534877
33.63589442,3.374992782
33.65633396,3.558893306
33.6767735,3.484133675
33.69721304,3.381616667
33.71765258,3.67148117
33.73809212,3.364143851
33.75853166,3.209604711
33.7789712,3.343280416
33.79941073,3.42836541
33.81985027,3.273887471
33.84028981,3.126374377
33.86072935,3.416381684
33.88116889,3.492867724
33.90160843,3.440901943
33.92204797,3.293470451
33.94248751,3.42730936
33.96292705,3.358043669
33.98336659,3.528381712
34.00380613,3.4400596
34.02424566,3.240646778
34.0446852,3.417990467
34.06512474,3.668271223
34.08556428,3.416836268
34.10600382,3.437991159
34.12644336,3.308124783
34.1468829,3.332792697
34.16732244,3.503314345
34.18776198,3.753717504
34.20820152,3.497196619
34.22864106,3.544515579
34.24908059,3.612688273
34.26952013,3.672200812
34.28995967,3.63451153
34.31039921,3.668023203
34.33083875,4.027944166
34.35127829,3.992052195
34.37171783,4.221805626
34.39215737,3.908176679
34.41259691,3.868873688
34.43303645,3.869521653
34.45347599,3.852828908
34.47391552,4.164281563
34.49435506,4.170199063
34.5147946,4.058081408
34.53523414,4.123067487
34.55567368,4.306129522
34.57611322,4.209698069
34.59655276,4.095925905
34.6169923,4.185299141
34.63743184,4.259067778
34.65787138,4.44917626
34.67831092,4.439652365
34.69875045,4.542996092
34.71918999,4.415457442
34.73962953,4.517105859
34.76006907,4.372246899
34.78050861,4.387130562
34.80094815,4.632937403
34.82138769,4.401334089
34.84182723,4.518709509
34.86226677,4.377424773
34.88270631,4.121577105
34.90314585,4.152208171
34.92358539,4.491887415
34.94402492,4.821170393
34.96446446,4.728598771
34.984904,4.613478106
35.00534354,4.527891729
35.02578308,4.310381309
35.04622262,4.492196845
35.06666216,4.46917167
35.0871017,4.496514118
35.10754124,4.233946411
35.12798078,4.276954661
35.14842032,4.316511088
35.16885985,4.588726805
35.18929939,4.518949033
35.20973893,4.652316662
35.23017847,4.527024136
35.25061801,4.483349232
35.27105755,4.623722507
35.29149709,4.51064396
35.31193663,4.467030258
35.33237617,4.50677029
35.35281571,4.661114056
35.37325525,4.631450444
35.39369478,4.629585011
35.41413432,4.737114978
35.43457386,4.770012568
35.4550134,4.657097225
35.47545294,4.516424505
35.49589248,4.85146663
35.51633202,5.058056933
35.53677156,4.988625969
35.5572111,5.137965407
35.57765064,5.160589134
35.59809018,5.285663817
35.61852971,5.211106122
35.63896925,5.275457717
35.65940879,5.254760268
35.67984833,5.34345822
35.70028787,5.840162683
35.72072741,5.38897088
35.74116695,5.406549477
35.76160649,5.913731809
35.78204603,5.745587318
35.80248557,5.853504895
35.82292511,6.162831761
35.84336464,6.086762361
35.86380418,6.47599114
35.88424372,6.780170874
35.90468326,6.784023787
35.9251228,7.083035989
35.94556234,6.987971369
35.96600188,7.372093816
35.98644142,7.461097776
36.00688096,7.44769158
36.0273205,8.033264117
36.04776004,8.301148723
36.06819957,8.265234284
36.08863911,8.415104134
36.10907865,8.464299941
36.12951819,9.199280037
36.14995773,9.1478222
36.17039727,9.224856986
36.19083681,9.477259394
36.21127635,9.715793314
36.23171589,10.1991393
36.25215543,10.47938069
36.27259497,10.38464248
36.29303451,10.57811911
36.31347404,10.91397726
36.33391358,11.21339747
36.35435312,11.07533808
36.37479266,11.90604909
36.3952322,11.72809995
36.41567174,11.99982399
36.43611128,12.14483231
36.45655082,12.16659715
36.47699036,12.71442406
36.4974299,12.48102136
36.51786944,12.32750018
36.53830897,12.52990217
36.55874851,12.3156579
36.57918805,12.85664236
36.59962759,12.66153612
36.62006713,12.88485305
36.64050667,12.54395427
36.66094621,12.40446478
36.68138575,12.62957902
36.70182529,12.67242199
36.72226483,12.28820204
36.74270437,12.45087748
36.7631439,11.91392055
36.78358344,12.29365068
36.80402298,11.97201233
36.82446252,11.94032493
36.84490206,11.43643571
36.8653416,11.58187245
36.88578114,11.59712125
36.90622068,11.70787657
36.92666022,11.52524951
36.94709976,11.14472618
36.9675393,11.06630658
36.98797883,10.83686572
37.00841837,10.63175082
37.02885791,10.64887854
37.04929745,10.04623499
37.06973699,10.35159795
37.09017653,9.86705076
37.11061607,9.849537858
37.13105561,9.720934245
37.15149515,9.653114922
37.17193469,9.567954888
37.19237423,9.321356921
37.21281376,9.472348799
37.2332533,8.993152745
37.25369284,8.678907646
37.27413238,8.986210726
37.29457192,9.010548095
37.31501146,8.68421142
37.335451,8.460325701
37.35589054,8.607988161
37.37633008,8.371990465
37.39676962,8.318304837
37.41720916,8.075403498
37.43764869,8.47314756
37.45808823,8.1330648
37.47852777,8.004807995
37.49896731,8.01372437
37.51940685,7.807383366
37.53984639,7.897937764
37.56028593,7.554484784
37.58072547,7.540913316
37.60116501,7.588126137
37.62160455,7.515567692
37.64204409,7.397890758
37.66248363,7.016345337
37.68292316,7.26676476
37.7033627,7.263732361
37.72380224,6.944748141
37.74424178,7.13967321
37.76468132,7.093299235
37.78512086,6.869862328
37.8055604,6.653390265
37.82599994,7.009855269
37.84643948,6.930576785
37.86687902,6.674235369
37.88731856,6.704372686
37.90775809,6.757099848
37.92819763,6.743875188
37.94863717,6.808795929
37.96907671,6.752209292
37.98951625,6.711268056
38.00995579,6.913402777
38.03039533,7.176321786
38.05083487,7.244816752
38.07127441,6.860207118
38.09171395,7.288117884
38.11215349,6.896604607
38.13259302,7.204764508
38.15303256,6.78030592
38.1734721,7.338506622
38.19391164,7.179713836
38.21435118,7.701497005
38.23479072,7.365661686
38.25523026,7.573249546
38.2756698,7.582941139
38.29610934,7.611750355
38.31654888,7.619746639
38.33698842,7.954152211
38.35742795,7.887536518
38.37786749,8.364344002
38.39830703,8.519991332
38.41874657,8.17218684
38.43918611,8.699402748
38.45962565,8.66761128
38.48006519,8.760840211
38.50050473,8.671797877
38.52094427,8.914373165
38.54138381,8.972941076
38.56182335,9.364862721
38.58226288,8.985971433
38.60270242,9.516822768
38.62314196,9.724777836
38.6435815,9.807753305
38.66402104,9.892485286
38.68446058,10.32272378
38.70490012,10.164441
38.72533966,10.35687308
38.7457792,10.36008944
38.76621874,10.22964564
38.78665828,10.53325002
38.80709781,10.55215259
38.82753735,10.41135333
38.84797689,10.48932447
38.86841643,10.75134379
38.88885597,10.81893906
38.90929551,10.58620752
38.92973505,10.65905192
38.95017459,10.91941673
38.97061413,10.83431583
38.99105367,10.869027
39.01149321,10.7370919
39.03193275,10.90899665
39.05237228,11.19376901
39.07281182,11.19557567
39.09325136,10.89705551
39.1136909,10.83293074
39.13413044,11.1160486
39.15456998,10.83668686
39.17500952,10.93755386
39.19544906,10.74156625
39.2158886,10.91712682
39.23632814,11.2038189
39.25676768,10.78740639
39.27720721,11.19740316
39.29764675,11.24110089
39.31808629,11.19801347
39.33852583,10.75043255
39.35896537,11.04939982
39.37940491,11.37963748
39.39984445,11.08315944
39.42028399,11.04364624
39.44072353,11.00588955
39.46116307,11.20079215
39.48160261,11.1700207
39.50204214,10.81288077
39.52248168,10.71270568
39.54292122,11.03963433
39.56336076,10.94297227
39.5838003,11.12584449
39.60423984,11.00491767
39.62467938,10.69130292
39.64511892,10.79090302
39.66555846,10.76205129
39.685998,10.23669218
39.70643754,10.69399237
39.72687707,10.02110462
39.74731661,10.02705672
39.76775615,9.413237546
39.78819569,9.535549888
39.80863523,9.178715963
39.82907477,9.096207995
39.84951431,8.435595427
39.86995385,8.448614371
39.89039339,8.163042604
39.91083293,7.828880126
39.93127247,7.784668605
39.951712,7.917560817
39.97215154,7.389015097
39.99259108,7.044517555
40.01303062,7.394484858
40.03347016,6.657667006
40.0539097,6.504202887
40.07434924,7.003536947
40.09478878,6.30323863
40.11522832,6.186294046
40.13566786,6.248189307
40.1561074,5.488924414
40.17654693,5.708846587
40.19698647,5.694414161
40.21742601,5.407432691
40.23786555,5.177763289
40.25830509,4.972419842
40.27874463,5.199388463
40.29918417,5.290960817
40.31962371,4.776650794
40.34006325,4.800555616
40.36050279,4.400869727
40.38094233,4.351898684
40.40138187,4.34982304
40.4218214,4.295684464
40.44226094,4.0401774
40.46270048,3.873232403
40.48314002,3.841724473
40.50357956,3.798084166
40.5240191,4.051339259
40.54445864,3.445239752
40.56489818,3.540549536
40.58533772,3.437963052
40.60577726,3.493383081
40.6262168,2.901254066
40.64665633,2.908103784
40.66709587,3.067751681
40.68753541,2.815961645
40.70797495,2.881900342
40.72841449,2.862789996
40.74885403,2.550297273
40.76929357,2.654491616
40.78973311,2.581623027
40.81017265,2.513983172
40.83061219,2.359558162
40.85105173,2.168695218
40.87149126,2.186186009
40.8919308,2.052655534
40.91237034,2.292409347
40.93280988,2.178016895
40.95324942,2.013297621
40.97368896,2.112487637
40.9941285,1.921767497
41.01456804,1.889053869
41.03500758,1.826846752
41.05544712,1.533757259
41.07588666,1.657354832
41.09632619,1.75493114
41.11676573,1.632041736
41.13720527,1.470978289
41.15764481,1.591185242
41.17808435,1.563843152
41.19852389,1.437563128
41.21896343,1.47449795
41.23940297,1.454161505
41.25984251,1.461623238
41.28028205,1.18438315
41.30072159,1.270010685
41.32116112,1.46503362
41.34160066,1.149660289
41.3620402,1.124237914
41.38247974,1.213419273
41.40291928,1.214079365
41.42335882,1.082815414
41.44379836,1.012335752
41.4642379,0.745695935
41.48467744,0.916576519
41.50511698,1.172546947
41.52555652,1.225412776
41.54599606,1.087326783
41.56643559,0.933636191
41.58687513,1.043854888
41.60731467,0.862427319
41.62775421,1.121992373
41.64819375,0.777411161
41.66863329,0.776600349
41.68907283,0.945948826
41.70951237,0.986845482
41.72995191,0.833318094
41.75039145,0.652033328
41.77083099,0.69993563
41.79127052,0.530844443
41.81171006,0.542329213
41.8321496,0.642376049
41.85258914,0.414318286
41.87302868,0.342530924
41.89346822,0.40791674
41.91390776,0.742420178
41.9343473,0.667221795
41.95478684,0.539960479
41.97522638,0.612372342
41.99566592,0.280290716
42.01610545,0.312812823
42.03654499,0.282855332
42.05698453,0.473404351
42.07742407,0.637932105
42.09786361,0.161855259
42.11830315,0.439271036
42.13874269,0.093443325
42.15918223,0.268469347
42.17962177,0.113654659
42.20006131,0.193235371
42.22050085,0.279780929
42.24094038,0.359402442
42.26137992,0.159530467
42.28181946,0.296484448
42.302259,0.192139385
42.32269854,0.238856389
42.34313808,0.294274349
42.36357762,0.299365488
42.38401716,0.221143694
42.4044567,0.229747855
42.42489624,-0.204335916
42.44533578,0.155003492
42.46577531,0.097696633
42.48621485,0.009160174
42.50665439,0.068213561
42.52709393,0.049162348
42.54753347,0.014506535
42.56797301,0.057996123
42.58841255,0.118867223
42.60885209,0.040869834
42.62929163,-0.004121043
42.64973117,0.190491814
42.67017071,0.135125071
42.69061024,0.137070396
42.71104978,0.112994454
42.73148932,0.22609169
42.75192886,0.271500994
42.7723684,0.403736254
42.79280794,0.230436358
42.81324748,-0.060898692
42.83368702,-0.117838342
42.85412656,-0.045387876
42.8745661,0.145138545
42.89500564,0.29228259
42.91544518,0.300558146
42.93588471,-0.005382009
42.95632425,0.164392681
42.97676379,-0.054701117
42.99720333,0.111642152
43.01764287,0.093978044
43.03808241,0.298556559
43.05852195,0.16982214
43.07896149,-0.014447433
43.09940103,0.039150616
43.11984057,0.139644066
43.14028011,0.123838472
43.16071964,0.201803279
43.18115918,0.312774597
43.20159872,0.201544093
43.22203826,0.270889545
43.2424778,0.350672065
43.26291734,0.274224985
43.28335688,0.185645528
43.30379642,0.109239249
43.32423596,0.432158926
43.3446755,0.09364067
43.36511504,0.057226148
43.38555457,0.30729036
43.40599411,0.281333306
43.42643365,0.396021653
43.44687319,0.252049844
43.46731273,0.182751213
43.48775227,0.398195206
43.50819181,0.363659599
43.52863135,0.235394392
43.54907089,0.47346903
43.56951043,0.343508513
43.58994997,0.435790619
43.6103895,0.588857014
43.63082904,0.425971588
43.65126858,0.766578784
43.67170812,0.79297027
43.69214766,0.517298823
43.7125872,0.510744999
43.73302674,0.667406019
43.75346628,0.66783744
43.77390582,0.893983706
43.79434536,1.215636484
43.8147849,0.962656884
43.83522443,1.195808796
43.85566397,1.156411664
43.87610351,1.22293771
43.89654305,1.308581379
43.91698259,1.220634338
43.93742213,1.551110475
43.95786167,1.390287567
43.97830121,1.97774895
43.99874075,1.851689066
44.01918029,2.071135693
44.03961983,1.990255499
44.06005936,2.254881817
44.0804989,2.48133409
44.10093844,2.379681764
44.12137798,2.528049839
44.14181752,2.791021647
44.16225706,3.074847189
44.1826966,3.24584591
44.20313614,3.451587253
44.22357568,3.667765664
44.24401522,3.949936697
44.26445476,4.124489242
44.2848943,4.684478853
44.30533383,4.980599977
44.32577337,5.309727612
44.34621291,5.414917315
44.36665245,5.97672464
44.38709199,6.430913476
44.40753153,6.810469936
44.42797107,7.33761624
44.44841061,7.396032945
44.46885015,8.062108939
44.48928969,8.643135889
44.50972923,8.762377685
44.53016876,9.497959325
44.5506083,10.20925581
44.57104784,10.42404492
44.59148738,10.32461832
44.61192692,11.15750378
44.63236646,11.26818742
44.652806,11.78166924
44.67324554,12.32294924
44.69368508,12.39376353
44.71412462,12.82918155
44.73456416,12.96774498
44.75500369,13.44834269
44.77544323,13.53659969
44.79588277,13.85057154
44.81632231,14.15241101
44.83676185,14.1452431
44.85720139,14.35684559
44.87764093,14.66221849
44.89808047,14.43809789
44.91852001,14.5421227
44.93895955,14.53158457
44.95939909,14.93078906
44.97983862,14.91681951
45.00027816,14.70842592
45.0207177,14.82644162
45.04115724,14.69447772
45.06159678,15.03996477
45.08203632,15.022625
45.10247586,14.79176397
45.1229154,15.01404833
45.14335494,14.8926031
45.16379448,14.59409493
45.18423402,14.94664883
45.20467355,14.64297313
45.22511309,14.97299839
45.24555263,14.58950238
45.26599217,14.52373511
45.28643171,14.80868268
45.30687125,14.27767843
45.32731079,14.62343069
45.34775033,14.15149501
45.36818987,14.40353807
45.38862941,14.33615709
45.40906895,14.00317151
45.42950848,13.90631744
45.44994802,13.60635877
45.47038756,13.46440661
45.4908271,13.37803041
45.51126664,12.67361905
45.53170618,12.77999198
45.55214572,12.46624642
45.57258526,12.3139796
45.5930248,12.08534429
45.61346434,11.66054882
45.63390388,11.44063487
45.65434342,11.44469965
45.67478295,11.05642371
45.69522249,10.59004318
45.71566203,10.55076639
45.73610157,10.10873221
45.75654111,9.994843437
45.77698065,9.707363953
45.79742019,9.373029869
45.81785973,9.236632852
45.83829927,8.725256235
45.85873881,8.764247242
45.87917835,8.914369759
45.89961788,8.548887678
45.92005742,8.292800997
45.94049696,8.430831938
45.9609365,8.06714717
45.98137604,7.915288357
46.00181558,7.921436055
46.02225512,7.877256932
46.04269466,7.616084321
46.0631342,7.94868211
46.08357374,7.366369744
46.10401328,7.547966668
46.12445281,7.401458992
46.14489235,7.786221716
46.16533189,7.469615952
46.18577143,7.307544478
46.20621097,7.600354515
46.22665051,7.453948841
46.24709005,7.35791079
46.26752959,7.682032029
46.28796913,7.702354224
46.30840867,7.312974596
46.32884821,7.482643148
46.34928774,7.560318211
46.36972728,7.381069229
46.39016682,7.628923982
46.41060636,7.69624358
46.4310459,7.633375245
46.45148544,7.416013421
46.47192498,7.660477554
46.49236452,7.184475976
46.51280406,7.345647576
46.5332436,7.501631243
46.55368314,7.558676978
46.57412267,7.666090335
46.59456221,7.386371315
46.61500175,7.639658807
46.63544129,7.215883365
46.65588083,7.227892214
46.67632037,7.187838129
46.69675991,7.088776667
46.71719945,6.994943939
46.73763899,6.661548278
46.75807853,6.647617462
46.77851807,6.730929269
46.7989576,7.041692032
46.81939714,6.527822417
46.83983668,6.72751487
46.86027622,6.185908279
46.88071576,6.338766532
46.9011553,6.599284075
46.92159484,6.562947019
46.94203438,6.328713696
46.96247392,6.162209108
46.98291346,5.990516586
47.003353,5.945580576
47.02379254,6.063859411
47.04423207,5.907853091
47.06467161,5.777908838
47.08511115,5.882359986
47.10555069,6.150025979
47.12599023,5.907295705
47.14642977,6.048266388
47.16686931,6.038215804
47.18730885,5.875407843
47.20774839,6.00602306
47.22818793,5.9838809
47.24862747,5.744745252
47.269067,6.132366115
47.28950654,6.056465712
47.30994608,5.885099599
47.33038562,6.083545553
47.35082516,6.101456351
47.3712647,6.046470884
47.39170424,6.241505817
47.41214378,6.035519484
47.43258332,6.050039662
47.45302286,6.061108019
47.4734624,5.82914122
47.49390193,5.751708711
47.51434147,5.384366047
47.53478101,5.421557673
47.55522055,5.220922477
47.57566009,5.247738236
47.59609963,4.972491063
47.61653917,4.995875402
47.63697871,5.069627363
47.65741825,4.787496947
47.67785779,4.399484154
47.69829733,4.073991761
47.71873686,4.206853102
47.7391764,3.716470955
47.75961594,3.694859208
47.78005548,3.596878972
47.80049502,3.22114136
47.82093456,2.887090815
47.8413741,2.702366225
47.86181364,2.783287037
47.88225318,2.518742137
47.90269272,2.384425972
47.92313226,2.368185762
47.94357179,2.134952064
47.96401133,1.917363767
47.98445087,1.795281981
48.00489041,1.631553929
48.02532995,1.7525685
48.04576949,1.364922916
48.06620903,1.322783843
48.08664857,1.386567949
48.10708811,1.110094677
48.12752765,1.257252917
48.14796719,0.937417669
48.16840672,1.11586671
48.18884626,0.915863929
48.2092858,0.85824266
48.22972534,0.923905681
48.25016488,0.635422435
48.27060442,0.866056812
48.29104396,0.601919922
48.3114835,0.586067322
48.33192304,0.523360123
48.35236258,0.43810388
48.37280212,0.37370137
48.39324166,0.477722039
48.41368119,0.484540886
48.43412073,0.434088467
48.45456027,0.312475893
48.47499981,0.499911497
48.49543935,0.437367502
48.51587889,0.499843907
48.53631843,0.366160157
48.55675797,0.279371807
48.57719751,0.39746497
48.59763705,0.21523131
48.61807659,0.201420829
48.63851612,0.415061304
48.65895566,0.300597179
48.6793952,0.248653455
48.69983474,0.099507909
48.72027428,0.266354986
48.74071382,0.191903019
48.76115336,0.174763119
48.7815929,0.331254731
48.80203244,0.170058409
48.82247198,0.154715822
48.84291152,0.168907524
48.86335105,0.035550182
48.88379059,0.044574352
48.90423013,0.105702256
48.92466967,0.342197782
48.94510921,0.028366487
48.96554875,0.22670837
48.98598829,0.010140097
49.00642783,-0.060574441
49.02686737,0.078800866
49.04730691,0.039377129
49.06774645,0.279487681
49.08818598,0.344271411
49.10862552,-0.068355014
49.12906506,0.052025073
49.1495046,-0.028963328
49.16994414,0.001179782
49.19038368,-0.015531707
49.21082322,0.122291093
49.23126276,0.312217626
49.2517023,0.055984005
49.27214184,-0.087381993
49.29258138,0.010591853
49.31302091,0.002683323
49.33346045,-0.185760363
49.35389999,-0.003346769
49.37433953,-0.074384996
49.39477907,0.052513845
49.41521861,0.042280307
49.43565815,-0.056474496
49.45609769,-0.106597788
49.47653723,-0.045389882
49.49697677,0.125213424
49.51741631,-0.04791287
49.53785584,-0.010949319
49.55829538,-7.03E-06
49.57873492,0.024844541
49.59917446,-0.014519595
49.619614,-0.158029997
49.64005354,0.019660557
49.66049308,0.1175104
49.68093262,0.052186199
49.70137216,0.20736851
49.7218117,0.01708511
49.74225124,-0.030816778
49.76269078,0.063662846
49.78313031,0.014065648
49.80356985,0.077336072
49.82400939,0.211807453
49.84444893,0.127549234
49.86488847,0.203033638
49.88532801,0.396593998
49.90576755,0.175244203
49.92620709,0.09801203
49.94664663,0.171841925
49.96708617,0.381108887
49.98752571,0.484493472
50.00796524,0.369148457
50.02840478,0.198268287
50.04884432,0.492686295
50.06928386,0.408652482
50.0897234,0.684014069
50.11016294,0.400368279
50.13060248,0.741742889
50.15104202,0.751540678
50.17148156,0.691914423
50.1919211,0.981266901
50.21236064,1.025848114
50.23280017,1.073921949
50.25323971,1.120280074
50.27367925,1.161450265
50.29411879,1.103682524
50.31455833,1.436560184
50.33499787,1.245152688
50.35543741,1.31591837
50.37587695,1.33462112
50.39631649,1.426260937
50.41675603,1.434587821
50.43719557,1.505435106
50.4576351,1.538108347
50.47807464,1.520454766
50.49851418,1.756293807
50.51895372,1.787292138
50.53939326,1.67768587
50.5598328,1.762544446
50.58027234,1.863048424
50.60071188,1.819475579
50.62115142,1.873145357
50.64159096,1.812252202
50.6620305,1.820823892
50.68247003,1.806846539
50.70290957,1.857125696
50.72334911,1.80673081
50.74378865,1.706009102
50.76422819,1.591418906
50.78466773,1.539349111
50.80510727,1.442160827
50.82554681,1.414437387
50.84598635,1.556873238
50.86642589,1.315648933
50.88686543,1.218542251
50.90730496,1.376664303
50.9277445,1.107723421
50.94818404,1.236372385
50.96862358,1.30254175
50.98906312,1.151717626
51.00950266,1.132858347
51.0299422,1.058463913
51.05038174,1.178534324
51.07082128,0.991333468
51.09126082,0.755541902
51.11170036,0.988520737
51.1321399,0.943742194
51.15257943,1.02051183
51.17301897,0.649385199
51.19345851,0.910223414
51.21389805,0.92281814
51.23433759,0.791336044
51.25477713,0.519249349
51.27521667,0.672530276
51.29565621,0.619234382
51.31609575,0.677069999
51.33653529,0.807842684
51.35697483,0.598357991
51.37741436,0.857643699
51.3978539,0.634310919
51.41829344,0.83460965
51.43873298,0.404720448
51.45917252,0.566865535
51.47961206,0.683892135
51.5000516,0.540522468
51.52049114,0.605506535
51.54093068,0.429191557
51.56137022,0.364008092
51.58180976,0.415164472
51.60224929,0.282313474
51.62268883,0.231080099
51.64312837,0.171186569
51.66356791,0.184230106
51.68400745,0.08271071
51.70444699,0.252045048
51.72488653,0.237372009
51.74532607,0.085566592
51.76576561,0.084823243
51.78620515,0.188266961
51.80664469,-0.003407809
51.82708422,-0.139506624
51.84752376,0.085526073
51.8679633,-0.05053194
51.88840284,0.016555447
51.90884238,-0.030920099
51.92928192,-0.043653022
51.94972146,-0.056365544
51.970161,0.158372889
51.99060054,0.013756723
52.01104008,-0.103061264
52.03147962,-0.018120988
52.05191915,0.132811911
52.07235869,0.030292989
52.09279823,0.033697244
52.11323777,-0.054891988
52.13367731,0.155150291
52.15411685,0.042296304
52.17455639,-0.041023394
52.19499593,-0.047933802
52.21543547,0.150037301
52.23587501,0.10670936
52.25631455,-0.009514847
52.27675408,-0.04238532
52.29719362,0.127889608
52.31763316,0.124573825
52.3380727,-0.133929891
52.35851224,0.100642349
52.37895178,0.1963461
52.39939132,0.090681364
52.41983086,0.158648139
52.4402704,0.120732536
52.46070994,0.126240112
52.48114948,0.237670866
52.50158902,0.166830355
52.52202855,0.054343576
52.54246809,0.181460532
52.56290763,0.312070111
52.58334717,0.460061201
52.60378671,0.186197691
52.62422625,0.598118471
52.64466579,0.291309652
52.66510533,0.185910122
52.68554487,0.115253214
52.70598441,0.259894485
52.72642395,0.027820045
52.74686348,0.370418784
52.76730302,0.291162923
52.78774256,0.194566352
52.8081821,0.172642958
52.82862164,0.135114966
52.84906118,0.057676818
52.86950072,0.162550737
52.88994026,0.182375613
52.9103798,0.089373666
52.93081934,0.421739343
52.95125888,0.139542086
52.97169841,0.050073564
52.99213795,0.005764331
53.01257749,0.185433831
53.03301703,-0.027237379
53.05345657,0.201084034
53.07389611,0.080467514
53.09433565,0.270635283
53.11477519,0.146587342
53.13521473,-0.019106865
53.15565427,0.05306655
53.17609381,0.019357588
53.19653334,0.284280138
53.21697288,-0.105290801
53.23741242,0.022519772
53.25785196,0.103475745
53.2782915,0.146257675
53.29873104,-0.02100944
53.31917058,0.051327179
53.33961012,-0.060343579
53.36004966,0.032867175
53.3804892,0.013251107
53.40092874,0.116919328
53.42136827,0.125121839
53.44180781,0.107303084
53.46224735,0.202351951
53.48268689,-0.143551003
53.50312643,-0.100544668
53.52356597,-0.037982947
53.54400551,-0.001442492
53.56444505,0.172271141
53.58488459,0.068227397
53.60532413,0.040592942
53.62576367,0.131034443
53.6462032,-0.052809211
53.66664274,-0.024826908
53.68708228,0.022273017
53.70752182,-0.008731658
53.72796136,-0.126521487
53.7484009,0.010917417
53.76884044,0.118862833
53.78927998,0.120925872
53.80971952,0.1212732
53.83015906,0.083446484
53.8505986,0.09425128
53.87103814,0.261326476
53.89147767,-0.042064038
53.91191721,-0.105850819
53.93235675,0.106424468
53.95279629,0.054831266
53.97323583,0.051869576
53.99367537,0.139206064
54.01411491,-0.129339825
54.03455445,0.003176353
54.05499399,-0.017064846
54.07543353,-0.058118978
54.09587307,-0.100888821
54.1163126,0.047294403
54.13675214,0.07570636
54.15719168,0.369763718
54.17763122,0.096133144
54.19807076,0.001342414
54.2185103,0.104488751
54.23894984,0.363905489
54.25938938,-0.027699039
54.27982892,0.124119611
54.30026846,0.152694773
54.320708,-0.049612443
54.34114753,0.123100742
54.36158707,0.094445438
54.38202661,0.043241091
54.40246615,0.066709922
54.42290569,0.090199153
54.44334523,0.011278229
54.46378477,0.024391595
54.48422431,0.05141425
54.50466385,-0.018764917
54.52510339,0.119409651
54.54554293,0.030174063
54.56598246,0.062486653
54.586422,0.068777977
54.60686154,-0.013451965
54.62730108,0.071005161
54.64774062,0.072149353
54.66818016,0.075050057
54.6886197,0.018943384
54.70905924,0.103482111
54.72949878,-0.061958761
54.74993832,-0.091962566
54.77037786,-0.101112637
54.79081739,0.079065213
54.81125693,0.134263465
54.83169647,0.170384894
54.85213601,-0.121598276
54.87257555,0.046508399
54.89301509,-0.028420081
54.91345463,-0.014786494
54.93389417,-0.060160284
54.95433371,-0.044749785
54.97477325,0.081792226
54.99521279,0.062521304
55.01565233,0.081465227
55.03609186,0.187235106
55.0565314,-0.095863504
55.07697094,0.232169399
55.09741048,0.094944923
55.11785002,0.034129738
55.13828956,0.120904397
55.1587291,0.080963346
55.17916864,-0.321804527
55.19960818,-0.052677
55.22004772,0.199109817
55.24048726,0.095014257
55.26092679,-0.118435903
55.28136633,0.079592671
55.30180587,0.161322201
55.32224541,0.095502687
55.34268495,-0.064046427
55.36312449,-0.065589029
55.38356403,0.004069326
55.40400357,0.16749808
55.42444311,-0.14648332
55.44488265,-0.042041542
55.46532219,-0.019176586
55.48576172,-0.04490234
55.50620126,0.172447862
55.5266408,0.006137908
55.54708034,0.155820578
55.56751988,0.098926425
55.58795942,0.158372118
55.60839896,0.393185433
55.6288385,-0.029966962
55.64927804,0.081623265
55.66971758,0.071706115
55.69015712,0.190281588
55.71059665,0.071030239
55.73103619,0.036868736
55.75147573,-0.058036257
55.77191527,0.140481929
55.79235481,0.212284405
55.81279435,0.134801725
55.83323389,0.182339446
55.85367343,-0.037463544
55.87411297,0.0917122
55.89455251,0.014311123
55.91499205,0.199083223
55.93543158,0.18943128
55.95587112,0.299591404
55.97631066,-0.107589183
55.9967502,0.160597853
56.01718974,0.156235845
56.03762928,0.344602571
56.05806882,0.144100809
56.07850836,0.18320278
56.0989479,0.319547374
56.11938744,0.124315147
56.13982698,0.186047764
56.16026651,0.157523004
56.18070605,0.083879756
56.20114559,0.072756908
56.22158513,0.17102946
56.24202467,0.189461302
56.26246421,0.254788545
56.28290375,0.122219521
56.30334329,0.229254232
56.32378283,0.555059342
56.34422237,0.42255152
56.36466191,0.430689099
56.38510145,0.279124855
56.40554098,0.20223379
56.42598052,0.182654792
56.44642006,0.395735084
56.4668596,0.266821887
56.48729914,0.35494298
56.50773868,0.274681695
56.52817822,0.421871366
56.54861776,0.438873105
56.5690573,0.336103577
56.58949684,0.306271117
56.60993638,0.460486834
56.63037591,0.203264619
56.65081545,0.300229472
56.67125499,0.411103613
56.69169453,0.440400933
56.71213407,0.481871431
56.73257361,0.294195663
56.75301315,0.205498629
56.77345269,0.31300255
56.79389223,0.429207428
56.81433177,0.193002151
56.83477131,0.220706163
56.85521084,0.267527798
56.87565038,0.1529115
56.89608992,0.022690603
56.91652946,0.130337328
56.936969,0.428976677
56.95740854,0.385622536
56.97784808,0.121802685
56.99828762,0.264253235
57.01872716,0.137626963
57.0391667,0.266229424
57.05960624,0.268116176
57.08004577,0.07210666
57.10048531,0.103548101
57.12092485,0.02042661
57.14136439,0.142186629
57.16180393,0.005286494
57.18224347,0.325003982
57.20268301,-0.006299797
57.22312255,0.044361269
57.24356209,0.110667736
57.26400163,0.20303627
57.28444117,0.090564093
57.3048807,0.309709539
57.32532024,0.162555941
57.34575978,0.044936633
57.36619932,0.10789328
57.38663886,0.202120328
57.4070784,0.219978888
57.42751794,0.340288404
57.44795748,0.108187764
57.46839702,0.339649192
57.48883656,0.140575465
57.5092761,0.113397138
57.52971563,0.225128101
57.55015517,-0.04506498
57.57059471,0.085804006
57.59103425,-0.113167719
57.61147379,-0.008299599
57.63191333,0.228533367
57.65235287,-0.067599379
57.67279241,-0.106767279
57.69323195,0.066688445
57.71367149,0.010997903
57.73411103,0.161924985
57.75455057,0.102803022
57.7749901,0.17043757
57.79542964,0.040175853
57.81586918,0.352642869
57.83630872,-0.088341936
57.85674826,0.010624215
57.8771878,-0.015389234
57.89762734,0.107923273
57.91806688,0.153131181
57.93850642,0.160165045
57.95894596,-0.176530691
57.9793855,0.162141197
57.99982503,0.091111262
58.02026457,-0.004203828
58.04070411,0.016820928
58.06114365,0.270504972
58.08158319,0.055459417
58.10202273,-0.006787959
58.12246227,0.198346176
58.14290181,0.134403489
58.16334135,0.160758981
58.18378089,0.148940429
58.20422043,0.208322832
58.22465996,0.057656192
58.2450995,0.124023841
58.26553904,0.143536891
58.28597858,0.289806452
58.30641812,0.344082525
58.32685766,0.325462332
58.3472972,0.497834762
58.36773674,0.277866481
58.38817628,0.262779711
58.40861582,0.428268898
58.42905536,0.487875707
58.44949489,0.559655695
58.46993443,0.655761638
58.49037397,0.453276871
58.51081351,0.68136806
58.53125305,0.544896317
58.55169259,0.832056085
58.57213213,0.714722364
58.59257167,0.744978488
58.61301121,0.44192168
58.63345075,0.86978805
58.65389029,0.893160931
58.67432982,0.881831991
58.69476936,0.882676229
58.7152089,0.862707535
58.73564844,0.92088424
58.75608798,0.980817458
58.77652752,0.81334052
58.79696706,0.982689538
58.8174066,0.974975624
58.83784614,0.767629332
58.85828568,1.051622885
58.87872522,0.953692395
58.89916475,0.791546193
58.91960429,0.815184281
58.94004383,0.984676103
58.96048337,0.869466104
58.98092291,0.976498726
59.00136245,1.250218417
59.02180199,1.284375174
59.04224153,1.08244122
59.06268107,1.300666556
59.08312061,1.081412293
59.10356015,1.289261763
59.12399969,1.359978856
59.14443922,1.097383017
59.16487876,1.392099244
59.1853183,1.523641428
59.20575784,1.445134567
59.22619738,1.821509218
59.24663692,1.661445937
59.26707646,1.937166945
59.287516,1.808394464
59.30795554,1.818531273
59.32839508,2.094313482
59.34883462,2.172199425
59.36927415,2.184133546
59.38971369,2.244699179
59.41015323,2.289660213
59.43059277,2.378044425
59.45103231,2.577560148
59.47147185,2.850012939
59.49191139,2.928041685
59.51235093,2.915813055
59.53279047,3.03728538
59.55323001,3.141416995
59.57366955,3.091055121
59.59410908,3.12231087
59.61454862,3.18483702
59.63498816,3.483494681
59.6554277,3.627658854
59.67586724,3.872537872
59.69630678,3.810145624
59.71674632,3.617565442
59.73718586,4.244450106
59.7576254,4.072744059
59.77806494,4.123280635
59.79850448,4.064462612
59.81894401,4.193164989
59.83938355,4.057998877
59.85982309,4.119033722
59.88026263,4.0602973
59.90070217,4.390470168
59.92114171,4.359552325
59.94158125,4.359904883
59.96202079,4.028680619
59.98246033,4.072476755
60.00289987,4.164904403
60.02333941,4.00388023
60.04377894,4.092876457
60.06421848,3.975295862
60.08465802,3.928916223
60.10509756,3.946793096
60.1255371,3.851843147
60.14597664,4.062469154
60.16641618,3.373810006
60.18685572,3.629615703
60.20729526,3.475719579
60.2277348,3.677746632
60.24817434,3.237432975
60.26861387,3.354431386
60.28905341,3.662422419
60.30949295,3.291614408
60.32993249,3.037146242
60.35037203,3.228879032
60.37081157,3.200146111
60.39125111,3.364141924
60.41169065,3.07850536
60.43213019,2.921361419
60.45256973,2.911807322
60.47300927,2.956093071
60.49344881,2.748663109
60.51388834,2.753059103
60.53432788,2.868586609
60.55476742,2.708092848
60.57520696,2.674355599
60.5956465,2.543416529
60.61608604,2.669442303
60.63652558,2.578474589
60.65696512,2.499680053
60.67740466,2.316739251
60.6978442,2.611249405
60.71828374,2.348488293
60.73872327,2.459011471
60.75916281,2.625110604
60.77960235,2.562063471
60.80004189,2.346258961
60.82048143,2.36137763
60.84092097,2.494572254
60.86136051,2.546190057
60.88180005,2.384286593
60.90223959,2.465459086
60.92267913,2.51713809
60.94311867,2.350087494
60.9635582,2.266390633
60.98399774,2.356325283
61.00443728,2.329960889
61.02487682,2.307089118
61.04531636,2.296390525
61.0657559,2.374253999
61.08619544,2.44519343
61.10663498,2.328653261
61.12707452,2.651369603
61.14751406,2.114731346
61.1679536,2.420127378
61.18839313,2.416516034
61.20883267,2.543133422
61.22927221,2.293035101
61.24971175,2.235665513
61.27015129,2.336302437
61.29059083,2.511612539
61.31103037,2.344929153
61.33146991,2.395280056
61.35190945,2.324123581
61.37234899,2.362362508
61.39278853,2.31555239
61.41322806,2.147234895
61.4336676,2.232410023
61.45410714,2.293299996
61.47454668,2.319488147
61.49498622,2.314446698
61.51542576,2.470883984
61.5358653,2.28359167
61.55630484,2.101528089
61.57674438,2.445526576
61.59718392,2.364198242
61.61762346,2.388793085
61.63806299,2.453338885
61.65850253,2.472766196
61.67894207,2.447075019
61.69938161,2.591543131
61.71982115,2.567628866
61.74026069,2.453457223
61.76070023,2.582361537
61.78113977,2.440452918
61.80157931,2.387106366
61.82201885,2.863294103
61.84245839,2.577349463
61.86289793,2.600453002
61.88333746,2.531563052
61.903777,2.455749058
61.92421654,2.675094353
61.94465608,2.80244616
61.96509562,2.577387812
61.98553516,2.76728042
62.0059747,2.826985096
62.02641424,2.872821283
62.04685378,2.837080648
62.06729332,2.895110413
62.08773286,2.802118913
62.10817239,3.120606146
62.12861193,2.791544336
62.14905147,2.927780703
62.16949101,2.954662472
62.18993055,2.750661862
62.21037009,2.831403876
62.23080963,3.25591629
62.25124917,3.135310216
62.27168871,2.766460653
62.29212825,2.92714538
62.31256779,2.915975507
62.33300732,3.038506591
62.35344686,3.04473863
62.3738864,3.023213292
62.39432594,2.821152799
62.41476548,3.079182151
62.43520502,2.661884682
62.45564456,2.860927057
62.4760841,2.856864833
62.49652364,2.627128564
62.51696318,2.758523808
62.53740272,2.513203341
62.55784225,2.498806052
62.57828179,2.65109583
62.59872133,2.544725453
62.61916087,2.285597699
62.63960041,2.245240346
62.66003995,2.236153393
62.68047949,2.478822951
62.70091903,2.172901799
62.72135857,2.26109827
62.74179811,2.055912363
62.76223765,2.112899635
62.78267718,1.939004529
62.80311672,2.084574269
62.82355626,1.968011631
62.8439958,2.028552727
62.86443534,1.910294779
62.88487488,1.951779453
62.90531442,2.054048418
62.92575396,1.770921116
62.9461935,1.845453103
62.96663304,1.911324935
62.98707258,1.850481057
63.00751211,1.758407579
63.02795165,1.820868391
63.04839119,1.850363492
63.06883073,1.772240104
63.08927027,1.794831562
63.10970981,1.787929531
63.13014935,1.833131234
63.15058889,1.902658893
63.17102843,1.885401397
63.19146797,1.934136524
63.21190751,1.724211495
63.23234705,1.849376312
63.25278658,2.000603196
63.27322612,1.877544924
63.29366566,1.848257054
63.3141052,2.013434028
63.33454474,2.12828418
63.35498428,2.151140844
63.37542382,2.239990131
63.39586336,2.417401485
63.4163029,2.124347129
63.43674244,2.480618728
63.45718198,2.178924617
63.47762151,2.184542573
63.49806105,2.681500374
63.51850059,2.572575797
63.53894013,2.809157733
63.55937967,2.901662846
63.57981921,2.987243916
63.60025875,3.031178719
63.62069829,2.937981146
63.64113783,3.23195675
63.66157737,3.164841644
63.68201691,3.314760827
63.70245644,3.261575411
63.72289598,3.241396506
63.74333552,3.240335224
63.76377506,3.438947121
63.7842146,3.698343307
63.80465414,3.792829337
63.82509368,3.73282188
63.84553322,3.7162376
63.86597276,3.835090388
63.8864123,3.960908021
63.90685184,3.979107165
63.92729137,3.993854488
63.94773091,3.829802767
63.96817045,3.962646446
63.98860999,3.720510525
64.00904953,3.915895006
64.02948907,3.845674886
64.04992861,3.877905723
64.07036815,3.80078196
64.09080769,3.932011932
64.11124723,3.929581748
64.13168677,3.671963631
64.1521263,3.919574248
64.17256584,3.849496932
64.19300538,3.539856684
64.21344492,3.648639613
64.23388446,3.726192944
64.254324,3.612794452
64.27476354,3.676499694
64.29520308,3.670780893
64.31564262,3.494943603
64.33608216,3.709751713
64.3565217,3.547844113
64.37696123,3.464081913
64.39740077,3.411590114
64.41784031,3.570924271
64.43827985,3.553195495
64.45871939,3.438264898
64.47915893,3.495229701
64.49959847,3.434159349
64.52003801,3.645678841
64.54047755,3.419718735
64.56091709,3.584404029
64.58135663,3.611956945
64.60179617,3.679460818
64.6222357,3.283443424
64.64267524,3.965571431
64.66311478,3.677233727
64.68355432,3.60072198
64.70399386,3.531175077
64.7244334,3.472065242
64.74487294,3.584850807
64.76531248,3.649045661
64.78575202,3.622983138
64.80619156,3.843468794
64.8266311,3.796613739
64.84707063,3.577904084
64.86751017,3.871367607
64.88794971,4.142282087
64.90838925,4.057314189
64.92882879,3.878616692
64.94926833,4.116606262
64.96970787,4.009130122
64.99014741,3.872160493
65.01058695,4.299447376
65.03102649,4.221546325
65.05146603,4.022137898
65.07190556,4.378305427
65.0923451,3.935882245
65.11278464,4.509104463
65.13322418,4.56324986
65.15366372,4.657346213
65.17410326,4.659449077
65.1945428,4.944558454
65.21498234,4.693229897
65.23542188,4.860324518
65.25586142,4.90243954
65.27630096,4.963672185
65.29674049,5.136036342
65.31718003,5.235504232
65.33761957,5.241242523
65.35805911,5.333806769
65.37849865,5.346530306
65.39893819,5.376635353
65.41937773,5.234885802
65.43981727,5.646976095
65.46025681,5.678878455
65.48069635,5.679551216
65.50113589,5.820869378
65.52157542,6.07158294
65.54201496,5.872664125
65.5624545,6.081751821
65.58289404,6.004401584
65.60333358,6.201377304
65.62377312,6.243859535
65.64421266,6.374903833
65.6646522,6.587565754
65.68509174,6.545039742
65.70553128,6.674409131
65.72597082,6.696160031
65.74641035,6.99570911
65.76684989,7.100834145
65.78728943,7.452507358
65.80772897,7.347603749
65.82816851,7.586470541
65.84860805,7.658691066
65.86904759,8.333362548
65.88948713,8.511526652
65.90992667,8.262627824
65.93036621,8.678679951
65.95080575,9.021835813
65.97124529,9.444873186
65.99168482,9.531125404
66.01212436,9.872606356
66.0325639,9.976260486
66.05300344,10.41674057
66.07344298,10.67842161
66.09388252,11.4001925
66.11432206,11.77302546
66.1347616,11.98094825
66.15520114,12.62639145
66.17564068,12.73713283
66.19608022,13.44858906
66.21651975,14.10798235
66.23695929,14.28822937
66.25739883,14.90946902
66.27783837,15.21128462
66.29827791,15.70930118
66.31871745,16.2802548
66.33915699,16.64115939
66.35959653,17.08368159
66.38003607,16.90990475
66.40047561,17.76913442
66.42091515,18.04505116
66.44135468,18.15084942
66.46179422,18.57958473
66.48223376,18.72188212
66.5026733,18.71315824
66.52311284,18.92320476
66.54355238,19.35202168
66.56399192,19.44752567
66.58443146,19.44235561
66.604871,19.9597754
66.62531054,19.9008267
66.64575008,19.74988451
66.66618961,19.76042106
66.68662915,20.24840856
66.70706869,20.31280535
66.72750823,20.59597254
66.74794777,20.66735458
66.76838731,21.18320146
66.78882685,21.60705485
66.80926639,21.77919254
66.82970593,22.37148951
66.85014547,22.22595966
66.87058501,22.76274188
66.89102454,22.82905838
66.91146408,23.39886751
66.93190362,23.69786371
66.95234316,23.8232692
66.9727827,25.00425064
66.99322224,24.90573859
67.01366178,25.54509417
67.03410132,25.69662292
67.05454086,25.74747763
67.0749804,26.46501941
67.09541994,25.91522048
67.11585947,27.32377528
67.13629901,26.66637826
67.15673855,26.69823775
67.17717809,27.46449264
67.19761763,27.23250405
67.21805717,27.3685914
67.23849671,27.10192139
67.25893625,26.64603566
67.27937579,26.98010089
67.29981533,26.34543651
67.32025487,26.05107032
67.34069441,26.36436342
67.36113394,25.37732969
67.38157348,25.00142748
67.40201302,24.49533733
67.42245256,24.17850369
67.4428921,23.31134324
67.46333164,22.77232818
67.48377118,22.46770852
67.50421072,21.84713704
67.52465026,20.96964152
67.5450898,20.33695807
67.56552934,19.25811446
67.58596887,18.84943014
67.60640841,18.47028011
67.62684795,17.17621992
67.64728749,16.35613847
67.66772703,15.7530913
67.68816657,15.0337451
67.70860611,14.41684985
67.72904565,13.76525277
67.74948519,13.28034277
67.76992473,12.2069115
67.79036427,11.93384785
67.8108038,10.91427682
67.83124334,10.45201786
67.85168288,9.892557083
67.87212242,9.251519481
67.89256196,8.89348839
67.9130015,8.278533255
67.93344104,7.55248741
67.95388058,7.359448076
67.97432012,7.345248588
67.99475966,6.5810695
68.0151992,6.004410812
68.03563873,5.85832808
68.05607827,5.753932416
68.07651781,5.625251596
68.09695735,5.230966177
68.11739689,4.949548381
68.13783643,4.48759543
68.15827597,4.513510101
68.17871551,4.383195173
68.19915505,3.857067312
68.21959459,3.872626518
68.24003413,3.336122792
68.26047366,3.356931132
68.2809132,3.127759873
68.30135274,3.073956237
68.32179228,2.76843689
68.34223182,2.603562944
68.36267136,2.551556621
68.3831109,2.574223475
68.40355044,2.265313508
68.42398998,2.15607672
68.44442952,2.081582554
68.46486906,2.123428233
68.4853086,1.946544312
68.50574813,1.748847459
68.52618767,1.775129339
68.54662721,1.475042731
68.56706675,1.725323746
68.58750629,1.621458495
68.60794583,1.389141422
68.62838537,1.479761416
68.64882491,1.36727681
68.66926445,1.12113205
68.68970399,1.182299357
68.71014353,0.976125953
68.73058306,1.224834061
68.7510226,0.827729235
68.77146214,0.861200366
68.79190168,0.868650231
68.81234122,0.829245497
68.83278076,0.913125051
68.8532203,0.811261118
68.87365984,0.929903695
68.89409938,0.644052785
68.91453892,0.946763942
68.93497846,0.636648277
68.95541799,0.828289123
68.97585753,0.655367037
68.99629707,0.522395907
69.01673661,0.648125733
69.03717615,0.678389848
69.05761569,0.448257697
69.07805523,0.16085428
69.09849477,0.435971264
69.11893431,0.40208087
69.13937385,0.409877543
69.15981339,0.495819617
69.18025292,0.192893203
69.20069246,0.285820522
69.221132,0.443004353
69.24157154,0.150555807
69.26201108,0.302572105
69.28245062,0.480650471
69.30289016,0.205624237
69.3233297,0.270896182
69.34376924,0.136535749
69.36420878,0.279973495
69.38464832,0.114403863
69.40508785,0.110312965
69.42552739,0.206936912
69.44596693,0.117817371
69.46640647,0.032190452
69.48684601,0.090681157
69.50728555,0.388775594
69.52772509,0.176473766
69.54816463,0.125650672
69.56860417,0.113042423
69.58904371,0.003232352
69.60948325,0.337887125
69.62992278,0.123951189
69.65036232,0.054132875
69.67080186,-4.00E-05
69.6912414,0.129835226
69.71168094,0.014939224
69.73212048,0.026799735
69.75256002,0.151527868
69.77299956,-0.10045971
69.7934391,-0.144093554
69.81387864,0.096306834
69.83431818,-0.0729946
69.85475772,-0.047831189
69.87519725,-0.083411266
69.89563679,0.025126279
69.91607633,-0.26562133
69.93651587,-0.026580669
69.95695541,-0.070505718
69.97739495,-0.027604812
69.99783449,-0.10273906